local,genero,data,salario
"*, *, *",Female,*/*/*,$5532.48
"*, *, *",Female,*/*/*,$4550.26
"*, *, *",Female,*/*/*,$4022.26
"*, *, *",Female,*/*/*,$7096.91
"*, *, *",Female,*/*/*,$1426.01
"*, *, *",Female,*/*/*,$4126.56
"*, *, *",Female,*/*/*,$6520.97
"*, *, *",Female,*/*/*,$7591.61
"*, *, *",Female,*/*/*,$6509.58
"*, *, *",Female,*/*/*,$2201.87
"*, *, *",Female,*/*/*,$4627.31
"*, *, *",Female,*/*/*,$4161.69
"*, *, *",Female,*/*/*,$3014.90
"*, *, *",Female,*/*/*,$1900.48
"*, *, *",Female,*/*/*,$5126.92
"*, *, *",Female,*/*/*,$2803.76
"*, *, *",Male,*/*/*,$5910.48
"*, *, *",Male,*/*/*,$7827.47
"*, *, *",Male,*/*/*,$5411.17
"*, *, *",Male,*/*/*,$5407.86
"*, *, *",Male,*/*/*,$5530.85
"*, *, *",Male,*/*/*,$5307.88
"*, *, *",Male,*/*/*,$813.67
"*, *, *",Male,*/*/*,$4941.92
"*, *, United States",Male,*/*/*,$6235.09
"*, *, United States",Male,*/*/*,$2454.79
"*, *, United States",Male,*/*/*,$3581.83
"*, *, United States",Male,*/*/*,$1575.72
"*, *, United States",Male,*/*/*,$6068.22
"*, *, United States",Male,*/*/*,$1059.41
"*, *, United States",Male,*/*/*,$2697.06
"*, *, United States",Male,*/*/*,$1175.28
"*, *, *",Female,*/*/*,$3227.73
"*, *, *",Female,*/*/*,$5475.66
"*, *, *",Female,*/*/*,$5116.24
"*, *, *",Female,*/*/*,$2565.78
"*, *, *",Female,*/*/*,$5848.86
"*, *, *",Female,*/*/*,$1073.36
"*, *, *",Female,*/*/*,$3531.22
"*, *, *",Female,*/*/*,$2118.25
"*, *, Portugal",*,*/*/*,$4713.83
"*, *, Portugal",*,*/*/*,$6310.65
"*, *, Portugal",*,*/*/*,$3725.73
"*, *, Portugal",*,*/*/*,$1973.45
"*, *, Portugal",*,*/*/*,$7540.04
"*, *, Portugal",*,*/*/*,$4332.69
"*, *, Portugal",*,*/*/*,$4728.31
"*, *, Portugal",*,*/*/*,$7649.68
"*, *, *",*,*/*/*,$7890.52
"*, *, *",*,*/*/*,$3435.80
"*, *, *",*,*/*/*,$5249.08
"*, *, *",*,*/*/*,$6749.86
"*, *, *",*,*/*/*,$2476.57
"*, *, *",*,*/*/*,$5396.24
"*, *, *",*,*/*/*,$1681.00
"*, *, *",*,*/*/*,$5663.67
"*, *, Portugal",Male,*/*/*,$2533.59
"*, *, Portugal",Male,*/*/*,$6043.66
"*, *, Portugal",Male,*/*/*,$4504.29
"*, *, Portugal",Male,*/*/*,$7857.47
"*, *, Portugal",Male,*/*/*,$7296.43
"*, *, Portugal",Male,*/*/*,$1809.17
"*, *, Portugal",Male,*/*/*,$2437.75
"*, *, Portugal",Male,*/*/*,$2666.96
"*, *, *",Female,*/*/*,$4966.48
"*, *, *",Female,*/*/*,$1916.17
"*, *, *",Female,*/*/*,$7586.61
"*, *, *",Female,*/*/*,$3800.57
"*, *, *",Female,*/*/*,$6950.84
"*, *, *",Female,*/*/*,$5268.85
"*, *, *",Female,*/*/*,$2943.14
"*, *, *",Female,*/*/*,$1370.53
"*, *, *",Male,*/*/*,$1735.93
"*, *, *",Male,*/*/*,$3585.70
"*, *, *",Male,*/*/*,$4578.33
"*, *, *",Male,*/*/*,$1127.28
"*, *, *",Male,*/*/*,$6517.73
"*, *, *",Male,*/*/*,$1622.77
"*, *, *",Male,*/*/*,$3837.29
"*, *, *",Male,*/*/*,$7833.82
"*, *, Portugal",*,*/*/*,$4590.54
"*, *, Portugal",*,*/*/*,$2944.40
"*, *, Portugal",*,*/*/*,$2420.72
"*, *, Portugal",*,*/*/*,$6584.92
"*, *, Portugal",*,*/*/*,$4302.66
"*, *, Portugal",*,*/*/*,$3863.39
"*, *, Portugal",*,*/*/*,$6067.37
"*, *, Portugal",*,*/*/*,$2932.96
"*, *, *",Female,*/*/*,$7467.66
"*, *, *",Female,*/*/*,$7060.60
"*, *, *",Female,*/*/*,$5252.25
"*, *, *",Female,*/*/*,$1430.78
"*, *, *",Female,*/*/*,$7202.43
"*, *, *",Female,*/*/*,$5772.69
"*, *, *",Female,*/*/*,$7847.46
"*, *, *",Female,*/*/*,$1213.00
"*, *, Sweden",Male,*/*/*,$3027.41
"*, *, Sweden",Male,*/*/*,$5563.83
"*, *, Sweden",Male,*/*/*,$2161.64
"*, *, Sweden",Male,*/*/*,$2969.04
"*, *, Sweden",Male,*/*/*,$4542.92
"*, *, Sweden",Male,*/*/*,$962.08
"*, *, Sweden",Male,*/*/*,$6293.42
"*, *, Sweden",Male,*/*/*,$1909.73
"*, *, *",Female,*/*/*,$1355.25
"*, *, *",Female,*/*/*,$2004.14
"*, *, *",Female,*/*/*,$1280.62
"*, *, *",Female,*/*/*,$7511.52
"*, *, *",Female,*/*/*,$5399.22
"*, *, *",Female,*/*/*,$3747.55
"*, *, *",Female,*/*/*,$4400.91
"*, *, *",Female,*/*/*,$6410.80
"*, *, United States",Female,*/*/*,$3041.78
"*, *, United States",Female,*/*/*,$2781.81
"*, *, United States",Female,*/*/*,$4329.22
"*, *, United States",Female,*/*/*,$4047.44
"*, *, United States",Female,*/*/*,$4178.43
"*, *, United States",Female,*/*/*,$2934.66
"*, *, United States",Female,*/*/*,$3472.73
"*, *, United States",Female,*/*/*,$4689.02
"*, *, Sweden",*,*/*/*,$4874.88
"*, *, Sweden",*,*/*/*,$4382.96
"*, *, Sweden",*,*/*/*,$6869.03
"*, *, Sweden",*,*/*/*,$886.98
"*, *, Sweden",*,*/*/*,$7783.26
"*, *, Sweden",*,*/*/*,$1609.66
"*, *, Sweden",*,*/*/*,$2385.94
"*, *, Sweden",*,*/*/*,$7858.32
"*, *, *",*,*/*/*,$3200.30
"*, *, *",*,*/*/*,$2867.51
"*, *, *",*,*/*/*,$1247.98
"*, *, *",*,*/*/*,$7386.55
"*, *, *",*,*/*/*,$1558.87
"*, *, *",*,*/*/*,$5974.55
"*, *, *",*,*/*/*,$1305.29
"*, *, *",*,*/*/*,$4663.87
"*, *, *",*,*/*/*,$7402.15
"*, *, *",*,*/*/*,$3191.09
"*, *, *",*,*/*/*,$3006.83
"*, *, *",*,*/*/*,$1555.57
"*, *, *",*,*/*/*,$7817.66
"*, *, *",*,*/*/*,$1586.61
"*, *, *",*,*/*/*,$6553.93
"*, *, *",*,*/*/*,$2729.76
"*, *, Portugal",Male,*/*/*,$5932.94
"*, *, Portugal",Male,*/*/*,$3591.12
"*, *, Portugal",Male,*/*/*,$3573.26
"*, *, Portugal",Male,*/*/*,$2661.36
"*, *, Portugal",Male,*/*/*,$7373.11
"*, *, Portugal",Male,*/*/*,$7159.29
"*, *, Portugal",Male,*/*/*,$7189.04
"*, *, Portugal",Male,*/*/*,$4803.14
"*, *, *",Female,*/*/*,$2923.67
"*, *, *",Female,*/*/*,$1934.60
"*, *, *",Female,*/*/*,$2541.75
"*, *, *",Female,*/*/*,$6059.58
"*, *, *",Female,*/*/*,$7478.53
"*, *, *",Female,*/*/*,$6416.83
"*, *, *",Female,*/*/*,$3028.28
"*, *, *",Female,*/*/*,$4970.32
"*, *, *",Male,*/*/*,$7800.59
"*, *, *",Male,*/*/*,$3526.69
"*, *, *",Male,*/*/*,$3520.57
"*, *, *",Male,*/*/*,$4260.82
"*, *, *",Male,*/*/*,$5948.45
"*, *, *",Male,*/*/*,$2263.59
"*, *, *",Male,*/*/*,$2562.92
"*, *, *",Male,*/*/*,$2534.88
"*, *, *",Female,*/*/*,$7202.18
"*, *, *",Female,*/*/*,$6552.66
"*, *, *",Female,*/*/*,$4627.92
"*, *, *",Female,*/*/*,$2465.50
"*, *, *",Female,*/*/*,$1611.63
"*, *, *",Female,*/*/*,$4938.67
"*, *, *",Female,*/*/*,$3688.22
"*, *, *",Female,*/*/*,$6431.42
"*, *, Sweden",Male,*/*/*,$3472.88
"*, *, Sweden",Male,*/*/*,$938.01
"*, *, Sweden",Male,*/*/*,$5383.93
"*, *, Sweden",Male,*/*/*,$6881.36
"*, *, Sweden",Male,*/*/*,$2946.37
"*, *, Sweden",Male,*/*/*,$7924.89
"*, *, Sweden",Male,*/*/*,$3689.16
"*, *, Sweden",Male,*/*/*,$919.06
"*, *, *",*,*/*/*,$4263.66
"*, *, *",*,*/*/*,$6987.28
"*, *, *",*,*/*/*,$6674.63
"*, *, *",*,*/*/*,$7680.45
"*, *, *",*,*/*/*,$7512.12
"*, *, *",*,*/*/*,$5689.99
"*, *, *",*,*/*/*,$3827.17
"*, *, *",*,*/*/*,$7539.41
"*, *, *",Male,*/*/*,$2454.18
"*, *, *",Male,*/*/*,$1319.03
"*, *, *",Male,*/*/*,$6383.39
"*, *, *",Male,*/*/*,$3717.17
"*, *, *",Male,*/*/*,$6095.84
"*, *, *",Male,*/*/*,$5453.13
"*, *, *",Male,*/*/*,$4370.17
"*, *, *",Male,*/*/*,$7600.54
"*, *, *",Female,*/*/*,$3625.99
"*, *, *",Female,*/*/*,$6173.77
"*, *, *",Female,*/*/*,$2894.36
"*, *, *",Female,*/*/*,$6144.12
"*, *, *",Female,*/*/*,$7801.31
"*, *, *",Female,*/*/*,$2172.78
"*, *, *",Female,*/*/*,$4767.88
"*, *, *",Female,*/*/*,$4391.85
"*, *, *",Female,*/*/*,$809.15
"*, *, *",Female,*/*/*,$2367.97
"*, *, *",Female,*/*/*,$7700.50
"*, *, *",Female,*/*/*,$4250.40
"*, *, *",Female,*/*/*,$5238.49
"*, *, *",Female,*/*/*,$1385.97
"*, *, *",Female,*/*/*,$6867.13
"*, *, *",Female,*/*/*,$1488.42
"*, *, *",Male,*/*/*,$7175.98
"*, *, *",Male,*/*/*,$6721.69
"*, *, *",Male,*/*/*,$883.43
"*, *, *",Male,*/*/*,$6680.18
"*, *, *",Male,*/*/*,$4682.04
"*, *, *",Male,*/*/*,$6630.49
"*, *, *",Male,*/*/*,$3840.66
"*, *, *",Male,*/*/*,$5435.41
"*, *, United States",*,*/*/*,$2891.78
"*, *, United States",*,*/*/*,$6749.17
"*, *, United States",*,*/*/*,$7516.22
"*, *, United States",*,*/*/*,$4000.92
"*, *, United States",*,*/*/*,$5721.70
"*, *, United States",*,*/*/*,$2926.75
"*, *, United States",*,*/*/*,$4879.74
"*, *, United States",*,*/*/*,$3427.50
"*, *, *",Male,*/*/*,$5459.27
"*, *, *",Male,*/*/*,$5108.35
"*, *, *",Male,*/*/*,$4197.51
"*, *, *",Male,*/*/*,$1655.67
"*, *, *",Male,*/*/*,$1186.54
"*, *, *",Male,*/*/*,$5323.97
"*, *, *",Male,*/*/*,$6712.81
"*, *, *",Male,*/*/*,$4959.20
"*, *, Canada",*,*/*/*,$4067.61
"*, *, Canada",*,*/*/*,$4675.13
"*, *, Canada",*,*/*/*,$4094.94
"*, *, Canada",*,*/*/*,$979.70
"*, *, Canada",*,*/*/*,$5937.25
"*, *, Canada",*,*/*/*,$6289.41
"*, *, Canada",*,*/*/*,$6642.44
"*, *, Canada",*,*/*/*,$7376.21
"*, *, *",Female,*/*/*,$5730.25
"*, *, *",Female,*/*/*,$2642.75
"*, *, *",Female,*/*/*,$7595.55
"*, *, *",Female,*/*/*,$6508.41
"*, *, *",Female,*/*/*,$6819.26
"*, *, *",Female,*/*/*,$6545.90
"*, *, *",Female,*/*/*,$6907.90
"*, *, *",Female,*/*/*,$1133.30
"*, *, *",*,*/*/*,$1318.68
"*, *, *",*,*/*/*,$5150.96
"*, *, *",*,*/*/*,$2881.34
"*, *, *",*,*/*/*,$7689.46
"*, *, *",*,*/*/*,$3502.45
"*, *, *",*,*/*/*,$2409.34
"*, *, *",*,*/*/*,$825.82
"*, *, *",*,*/*/*,$1129.83
"*, *, United States",Female,*/*/*,$5805.91
"*, *, United States",Female,*/*/*,$3912.08
"*, *, United States",Female,*/*/*,$2495.07
"*, *, United States",Female,*/*/*,$5428.38
"*, *, United States",Female,*/*/*,$3435.26
"*, *, United States",Female,*/*/*,$1041.43
"*, *, United States",Female,*/*/*,$4324.50
"*, *, United States",Female,*/*/*,$1031.51
"*, *, *",Female,*/*/*,$7659.54
"*, *, *",Female,*/*/*,$1684.26
"*, *, *",Female,*/*/*,$2309.35
"*, *, *",Female,*/*/*,$7327.12
"*, *, *",Female,*/*/*,$7046.63
"*, *, *",Female,*/*/*,$6594.48
"*, *, *",Female,*/*/*,$976.45
"*, *, *",Female,*/*/*,$5891.65
"*, *, France",*,*/*/*,$6648.08
"*, *, France",*,*/*/*,$2208.72
"*, *, France",*,*/*/*,$1466.87
"*, *, France",*,*/*/*,$6606.39
"*, *, France",*,*/*/*,$7199.46
"*, *, France",*,*/*/*,$4354.51
"*, *, France",*,*/*/*,$7410.13
"*, *, France",*,*/*/*,$1742.83
"*, *, Sweden",Female,*/*/*,$6190.47
"*, *, Sweden",Female,*/*/*,$5268.12
"*, *, Sweden",Female,*/*/*,$1188.09
"*, *, Sweden",Female,*/*/*,$4148.82
"*, *, Sweden",Female,*/*/*,$5240.94
"*, *, Sweden",Female,*/*/*,$7268.00
"*, *, Sweden",Female,*/*/*,$7582.88
"*, *, Sweden",Female,*/*/*,$2350.70
"*, *, *",Male,*/*/*,$7109.56
"*, *, *",Male,*/*/*,$1348.85
"*, *, *",Male,*/*/*,$6769.72
"*, *, *",Male,*/*/*,$3645.69
"*, *, *",Male,*/*/*,$6336.71
"*, *, *",Male,*/*/*,$4254.84
"*, *, *",Male,*/*/*,$2260.68
"*, *, *",Male,*/*/*,$4879.99
"*, *, *",*,*/*/*,$3562.87
"*, *, *",*,*/*/*,$7694.59
"*, *, *",*,*/*/*,$2775.31
"*, *, *",*,*/*/*,$4576.59
"*, *, *",*,*/*/*,$2212.91
"*, *, *",*,*/*/*,$6968.33
"*, *, *",*,*/*/*,$1348.47
"*, *, *",*,*/*/*,$7653.00
"*, *, France",Female,*/*/*,$5163.00
"*, *, France",Female,*/*/*,$3525.88
"*, *, France",Female,*/*/*,$7418.79
"*, *, France",Female,*/*/*,$1191.96
"*, *, France",Female,*/*/*,$5536.87
"*, *, France",Female,*/*/*,$6432.81
"*, *, France",Female,*/*/*,$2236.23
"*, *, France",Female,*/*/*,$4480.55
"*, *, *",Male,*/*/*,$1395.82
"*, *, *",Male,*/*/*,$5747.87
"*, *, *",Male,*/*/*,$7718.68
"*, *, *",Male,*/*/*,$7565.57
"*, *, *",Male,*/*/*,$6995.08
"*, *, *",Male,*/*/*,$6445.22
"*, *, *",Male,*/*/*,$7170.52
"*, *, *",Male,*/*/*,$6686.36
"*, *, *",*,*/*/*,$3109.94
"*, *, *",*,*/*/*,$1611.42
"*, *, *",*,*/*/*,$4615.15
"*, *, *",*,*/*/*,$7745.97
"*, *, *",*,*/*/*,$6492.17
"*, *, *",*,*/*/*,$3392.24
"*, *, *",*,*/*/*,$4632.50
"*, *, *",*,*/*/*,$4848.93
"*, *, Portugal",Female,*/*/*,$6369.60
"*, *, Portugal",Female,*/*/*,$4052.82
"*, *, Portugal",Female,*/*/*,$1708.14
"*, *, Portugal",Female,*/*/*,$1665.32
"*, *, Portugal",Female,*/*/*,$3296.00
"*, *, Portugal",Female,*/*/*,$5283.42
"*, *, Portugal",Female,*/*/*,$7795.42
"*, *, Portugal",Female,*/*/*,$948.41
"*, *, *",*,*/*/*,$2096.28
"*, *, *",*,*/*/*,$4109.65
"*, *, *",*,*/*/*,$3602.31
"*, *, *",*,*/*/*,$7816.91
"*, *, *",*,*/*/*,$2142.15
"*, *, *",*,*/*/*,$7134.93
"*, *, *",*,*/*/*,$3859.70
"*, *, *",*,*/*/*,$1403.09
"*, *, *",Female,*/*/*,$4117.83
"*, *, *",Female,*/*/*,$7157.05
"*, *, *",Female,*/*/*,$4199.58
"*, *, *",Female,*/*/*,$1404.57
"*, *, *",Female,*/*/*,$4305.72
"*, *, *",Female,*/*/*,$3223.62
"*, *, *",Female,*/*/*,$7983.68
"*, *, *",Female,*/*/*,$6964.99
"*, *, Sweden",*,*/*/*,$2692.72
"*, *, Sweden",*,*/*/*,$2293.48
"*, *, Sweden",*,*/*/*,$7922.29
"*, *, Sweden",*,*/*/*,$6874.81
"*, *, Sweden",*,*/*/*,$4912.45
"*, *, Sweden",*,*/*/*,$3349.35
"*, *, Sweden",*,*/*/*,$1145.67
"*, *, Sweden",*,*/*/*,$6436.46
"*, *, Portugal",Male,*/*/*,$4964.31
"*, *, Portugal",Male,*/*/*,$6118.17
"*, *, Portugal",Male,*/*/*,$4389.71
"*, *, Portugal",Male,*/*/*,$7345.49
"*, *, Portugal",Male,*/*/*,$5530.59
"*, *, Portugal",Male,*/*/*,$2558.30
"*, *, Portugal",Male,*/*/*,$4443.31
"*, *, Portugal",Male,*/*/*,$5979.17
"*, *, Portugal",Female,*/*/*,$7105.57
"*, *, Portugal",Female,*/*/*,$3248.92
"*, *, Portugal",Female,*/*/*,$2854.38
"*, *, Portugal",Female,*/*/*,$4450.49
"*, *, Portugal",Female,*/*/*,$2849.06
"*, *, Portugal",Female,*/*/*,$7588.24
"*, *, Portugal",Female,*/*/*,$6172.13
"*, *, Portugal",Female,*/*/*,$5999.29
"*, Île-de-France, France",Male,*/*/*,$5216.68
"*, Île-de-France, France",Male,*/*/*,$1492.88
"*, Île-de-France, France",Male,*/*/*,$5825.49
"*, Île-de-France, France",Male,*/*/*,$7733.10
"*, Île-de-France, France",Male,*/*/*,$3466.43
"*, Île-de-France, France",Male,*/*/*,$2627.52
"*, Île-de-France, France",Male,*/*/*,$7825.33
"*, Île-de-France, France",Male,*/*/*,$1020.66
"*, Québec, Canada",Female,*/*/*,$5727.15
"*, Québec, Canada",Female,*/*/*,$7292.50
"*, Québec, Canada",Female,*/*/*,$4240.55
"*, Québec, Canada",Female,*/*/*,$3027.02
"*, Québec, Canada",Female,*/*/*,$4234.16
"*, Québec, Canada",Female,*/*/*,$6657.46
"*, Québec, Canada",Female,*/*/*,$5427.64
"*, Québec, Canada",Female,*/*/*,$3976.35
"*, *, *",*,*/*/*,$1022.20
"*, *, *",*,*/*/*,$2851.56
"*, *, *",*,*/*/*,$1455.74
"*, *, *",*,*/*/*,$7503.54
"*, *, *",*,*/*/*,$1174.30
"*, *, *",*,*/*/*,$3533.25
"*, *, *",*,*/*/*,$6872.51
"*, *, *",*,*/*/*,$6649.25
"*, *, *",*,*/*/*,$1534.82
"*, *, *",*,*/*/*,$4430.56
"*, *, *",*,*/*/*,$7018.06
"*, *, *",*,*/*/*,$1452.90
"*, *, *",*,*/*/*,$5116.30
"*, *, *",*,*/*/*,$5328.86
"*, *, *",*,*/*/*,$2690.43
"*, *, *",*,*/*/*,$6999.54
"*, *, United States",*,*/*/*,$4300.13
"*, *, United States",*,*/*/*,$2795.69
"*, *, United States",*,*/*/*,$953.73
"*, *, United States",*,*/*/*,$1839.10
"*, *, United States",*,*/*/*,$3036.16
"*, *, United States",*,*/*/*,$5946.05
"*, *, United States",*,*/*/*,$3911.50
"*, *, United States",*,*/*/*,$5236.49
"*, *, France",Female,*/*/*,$5404.43
"*, *, France",Female,*/*/*,$6183.10
"*, *, France",Female,*/*/*,$6974.65
"*, *, France",Female,*/*/*,$1238.66
"*, *, France",Female,*/*/*,$1353.19
"*, *, France",Female,*/*/*,$5080.95
"*, *, France",Female,*/*/*,$5763.40
"*, *, France",Female,*/*/*,$2772.86
"*, *, *",*,*/*/*,$3567.45
"*, *, *",*,*/*/*,$2816.85
"*, *, *",*,*/*/*,$7530.19
"*, *, *",*,*/*/*,$4501.34
"*, *, *",*,*/*/*,$1342.37
"*, *, *",*,*/*/*,$2843.99
"*, *, *",*,*/*/*,$6841.99
"*, *, *",*,*/*/*,$4095.50
"*, *, Portugal",*,*/*/*,$7779.56
"*, *, Portugal",*,*/*/*,$5214.50
"*, *, Portugal",*,*/*/*,$2866.63
"*, *, Portugal",*,*/*/*,$4930.40
"*, *, Portugal",*,*/*/*,$6760.76
"*, *, Portugal",*,*/*/*,$5264.43
"*, *, Portugal",*,*/*/*,$4902.14
"*, *, Portugal",*,*/*/*,$942.32
"*, *, *",Male,*/*/*,$6525.63
"*, *, *",Male,*/*/*,$5726.93
"*, *, *",Male,*/*/*,$4862.69
"*, *, *",Male,*/*/*,$6963.88
"*, *, *",Male,*/*/*,$5745.78
"*, *, *",Male,*/*/*,$1574.30
"*, *, *",Male,*/*/*,$3003.76
"*, *, *",Male,*/*/*,$3389.21
"Stockholm, Stockholm, Sweden",Female,*/*/*,$6525.14
"Stockholm, Stockholm, Sweden",Female,*/*/*,$2282.24
"Stockholm, Stockholm, Sweden",Female,*/*/*,$2007.00
"Stockholm, Stockholm, Sweden",Female,*/*/*,$2909.91
"Stockholm, Stockholm, Sweden",Female,*/*/*,$3358.30
"Stockholm, Stockholm, Sweden",Female,*/*/*,$5412.88
"Stockholm, Stockholm, Sweden",Female,*/*/*,$7290.49
"Stockholm, Stockholm, Sweden",Female,*/*/*,$5338.30
"*, *, *",*,*/*/1981,$5002.09
"*, *, *",*,*/*/1981,$6189.32
"*, *, *",*,*/*/1981,$2654.98
"*, *, *",*,*/*/1981,$3362.11
"*, *, *",*,*/*/1981,$5731.07
"*, *, *",*,*/*/1981,$7973.93
"*, *, *",*,*/*/1981,$3435.34
"*, *, *",*,*/*/1981,$5953.02
"*, *, *",Female,*/*/*,$1350.28
"*, *, *",Female,*/*/*,$5823.97
"*, *, *",Female,*/*/*,$6148.93
"*, *, *",Female,*/*/*,$7913.17
"*, *, *",Female,*/*/*,$5788.73
"*, *, *",Female,*/*/*,$1484.69
"*, *, *",Female,*/*/*,$7274.50
"*, *, *",Female,*/*/*,$6860.11
"*, *, France",Male,*/*/*,$4907.54
"*, *, France",Male,*/*/*,$5054.87
"*, *, France",Male,*/*/*,$3511.27
"*, *, France",Male,*/*/*,$4826.17
"*, *, France",Male,*/*/*,$3381.06
"*, *, France",Male,*/*/*,$880.79
"*, *, France",Male,*/*/*,$5485.14
"*, *, France",Male,*/*/*,$7665.32
"*, *, Canada",Female,*/*/*,$2268.22
"*, *, Canada",Female,*/*/*,$7697.11
"*, *, Canada",Female,*/*/*,$3488.65
"*, *, Canada",Female,*/*/*,$3646.85
"*, *, Canada",Female,*/*/*,$1032.14
"*, *, Canada",Female,*/*/*,$5074.78
"*, *, Canada",Female,*/*/*,$983.67
"*, *, Canada",Female,*/*/*,$4100.69
"*, *, *",Male,*/*/*,$991.46
"*, *, *",Male,*/*/*,$4910.20
"*, *, *",Male,*/*/*,$6593.84
"*, *, *",Male,*/*/*,$3609.17
"*, *, *",Male,*/*/*,$5387.93
"*, *, *",Male,*/*/*,$5514.96
"*, *, *",Male,*/*/*,$1618.95
"*, *, *",Male,*/*/*,$3542.00
"*, Québec, Canada",Male,*/*/*,$3613.73
"*, Québec, Canada",Male,*/*/*,$1994.12
"*, Québec, Canada",Male,*/*/*,$7082.80
"*, Québec, Canada",Male,*/*/*,$5790.08
"*, Québec, Canada",Male,*/*/*,$3407.45
"*, Québec, Canada",Male,*/*/*,$7753.78
"*, Québec, Canada",Male,*/*/*,$5871.22
"*, Québec, Canada",Male,*/*/*,$6296.75
"*, *, *",Female,*/*/*,$1403.76
"*, *, *",Female,*/*/*,$1693.13
"*, *, *",Female,*/*/*,$4139.57
"*, *, *",Female,*/*/*,$5372.60
"*, *, *",Female,*/*/*,$7209.03
"*, *, *",Female,*/*/*,$6889.74
"*, *, *",Female,*/*/*,$5677.54
"*, *, *",Female,*/*/*,$1786.57
"*, *, *",Female,*/*/*,$3639.38
"*, *, *",Female,*/*/*,$2363.38
"*, *, *",Female,*/*/*,$5751.78
"*, *, *",Female,*/*/*,$6191.96
"*, *, *",Female,*/*/*,$5191.05
"*, *, *",Female,*/*/*,$1812.50
"*, *, *",Female,*/*/*,$5213.70
"*, *, *",Female,*/*/*,$5798.07
"*, *, *",Female,*/*/*,$4468.31
"*, *, *",Female,*/*/*,$3201.59
"*, *, *",Female,*/*/*,$3993.28
"*, *, *",Female,*/*/*,$3909.93
"*, *, *",Female,*/*/*,$1310.34
"*, *, *",Female,*/*/*,$4762.01
"*, *, *",Female,*/*/*,$1385.71
"*, *, *",Female,*/*/*,$7370.54
"*, *, United States",Female,*/*/*,$3480.31
"*, *, United States",Female,*/*/*,$5057.48
"*, *, United States",Female,*/*/*,$1676.91
"*, *, United States",Female,*/*/*,$943.67
"*, *, United States",Female,*/*/*,$5152.79
"*, *, United States",Female,*/*/*,$1329.70
"*, *, United States",Female,*/*/*,$4241.71
"*, *, United States",Female,*/*/*,$3112.29
"*, *, Mexico",Female,*/*/*,$4210.02
"*, *, Mexico",Female,*/*/*,$7048.06
"*, *, Mexico",Female,*/*/*,$4460.26
"*, *, Mexico",Female,*/*/*,$6888.06
"*, *, Mexico",Female,*/*/*,$7103.44
"*, *, Mexico",Female,*/*/*,$6528.84
"*, *, Mexico",Female,*/*/*,$2858.06
"*, *, Mexico",Female,*/*/*,$2076.62
"*, *, *",Male,*/*/*,$1399.34
"*, *, *",Male,*/*/*,$4491.03
"*, *, *",Male,*/*/*,$4583.37
"*, *, *",Male,*/*/*,$3076.92
"*, *, *",Male,*/*/*,$6417.75
"*, *, *",Male,*/*/*,$3988.74
"*, *, *",Male,*/*/*,$1240.82
"*, *, *",Male,*/*/*,$7831.28
"*, *, France",Female,*/*/*,$1467.94
"*, *, France",Female,*/*/*,$7279.48
"*, *, France",Female,*/*/*,$5410.56
"*, *, France",Female,*/*/*,$6940.06
"*, *, France",Female,*/*/*,$2918.64
"*, *, France",Female,*/*/*,$1622.32
"*, *, France",Female,*/*/*,$1907.75
"*, *, France",Female,*/*/*,$1422.11
"*, *, Sweden",Female,*/*/*,$7758.57
"*, *, Sweden",Female,*/*/*,$7475.57
"*, *, Sweden",Female,*/*/*,$4407.88
"*, *, Sweden",Female,*/*/*,$1322.83
"*, *, Sweden",Female,*/*/*,$5477.25
"*, *, Sweden",Female,*/*/*,$2250.17
"*, *, Sweden",Female,*/*/*,$7553.46
"*, *, Sweden",Female,*/*/*,$4306.65
"*, *, *",Female,*/*/*,$6250.72
"*, *, *",Female,*/*/*,$4941.80
"*, *, *",Female,*/*/*,$3615.07
"*, *, *",Female,*/*/*,$7201.47
"*, *, *",Female,*/*/*,$4466.02
"*, *, *",Female,*/*/*,$5087.05
"*, *, *",Female,*/*/*,$5609.60
"*, *, *",Female,*/*/*,$5737.46
"*, *, *",*,*/*/*,$7355.48
"*, *, *",*,*/*/*,$6223.79
"*, *, *",*,*/*/*,$6954.30
"*, *, *",*,*/*/*,$1583.21
"*, *, *",*,*/*/*,$3769.13
"*, *, *",*,*/*/*,$5366.98
"*, *, *",*,*/*/*,$1191.22
"*, *, *",*,*/*/*,$1697.67
"*, *, *",Female,*/*/*,$7155.79
"*, *, *",Female,*/*/*,$3246.27
"*, *, *",Female,*/*/*,$4160.18
"*, *, *",Female,*/*/*,$2809.72
"*, *, *",Female,*/*/*,$7718.13
"*, *, *",Female,*/*/*,$6062.26
"*, *, *",Female,*/*/*,$5469.92
"*, *, *",Female,*/*/*,$4664.24
"*, *, *",*,*/*/*,$4260.81
"*, *, *",*,*/*/*,$3218.09
"*, *, *",*,*/*/*,$1900.04
"*, *, *",*,*/*/*,$1858.90
"*, *, *",*,*/*/*,$2344.10
"*, *, *",*,*/*/*,$6742.63
"*, *, *",*,*/*/*,$2946.19
"*, *, *",*,*/*/*,$996.76
"*, *, *",Female,*/*/*,$2174.45
"*, *, *",Female,*/*/*,$7525.73
"*, *, *",Female,*/*/*,$7803.39
"*, *, *",Female,*/*/*,$4320.80
"*, *, *",Female,*/*/*,$6430.52
"*, *, *",Female,*/*/*,$2184.75
"*, *, *",Female,*/*/*,$6340.24
"*, *, *",Female,*/*/*,$1144.42
"*, *, *",Male,*/*/*,$2789.50
"*, *, *",Male,*/*/*,$6314.95
"*, *, *",Male,*/*/*,$2411.09
"*, *, *",Male,*/*/*,$7665.45
"*, *, *",Male,*/*/*,$3875.41
"*, *, *",Male,*/*/*,$4631.52
"*, *, *",Male,*/*/*,$2321.79
"*, *, *",Male,*/*/*,$2746.65
"*, *, *",Male,*/*/*,$6842.64
"*, *, *",Male,*/*/*,$2582.92
"*, *, *",Male,*/*/*,$2608.66
"*, *, *",Male,*/*/*,$962.88
"*, *, *",Male,*/*/*,$1967.98
"*, *, *",Male,*/*/*,$6691.57
"*, *, *",Male,*/*/*,$6026.38
"*, *, *",Male,*/*/*,$1245.80
"*, *, *",*,*/*/*,$4472.72
"*, *, *",*,*/*/*,$4461.88
"*, *, *",*,*/*/*,$5130.58
"*, *, *",*,*/*/*,$3200.25
"*, *, *",*,*/*/*,$7077.49
"*, *, *",*,*/*/*,$4077.84
"*, *, *",*,*/*/*,$7917.34
"*, *, *",*,*/*/*,$5038.59
"*, *, *",Female,*/*/*,$3114.52
"*, *, *",Female,*/*/*,$3375.21
"*, *, *",Female,*/*/*,$5964.41
"*, *, *",Female,*/*/*,$3399.67
"*, *, *",Female,*/*/*,$1411.11
"*, *, *",Female,*/*/*,$2411.36
"*, *, *",Female,*/*/*,$7373.73
"*, *, *",Female,*/*/*,$2452.61
"*, *, France",*,*/*/*,$7063.28
"*, *, France",*,*/*/*,$2558.15
"*, *, France",*,*/*/*,$1841.41
"*, *, France",*,*/*/*,$3316.55
"*, *, France",*,*/*/*,$2422.65
"*, *, France",*,*/*/*,$4105.04
"*, *, France",*,*/*/*,$2329.05
"*, *, France",*,*/*/*,$7145.67
"*, *, France",Male,*/*/*,$7900.09
"*, *, France",Male,*/*/*,$6856.56
"*, *, France",Male,*/*/*,$5736.48
"*, *, France",Male,*/*/*,$5778.85
"*, *, France",Male,*/*/*,$5700.29
"*, *, France",Male,*/*/*,$2458.05
"*, *, France",Male,*/*/*,$7519.69
"*, *, France",Male,*/*/*,$6363.88
"*, *, *",Male,*/*/*,$6598.41
"*, *, *",Male,*/*/*,$3468.54
"*, *, *",Male,*/*/*,$6983.95
"*, *, *",Male,*/*/*,$4511.71
"*, *, *",Male,*/*/*,$3401.73
"*, *, *",Male,*/*/*,$1653.38
"*, *, *",Male,*/*/*,$3918.00
"*, *, *",Male,*/*/*,$5169.65
"*, Stockholm, Sweden",Female,*/*/*,$7701.36
"*, Stockholm, Sweden",Female,*/*/*,$5373.09
"*, Stockholm, Sweden",Female,*/*/*,$7035.04
"*, Stockholm, Sweden",Female,*/*/*,$7278.18
"*, Stockholm, Sweden",Female,*/*/*,$5057.22
"*, Stockholm, Sweden",Female,*/*/*,$939.87
"*, Stockholm, Sweden",Female,*/*/*,$2385.96
"*, Stockholm, Sweden",Female,*/*/*,$3765.74
"*, *, *",*,*/*/*,$3306.51
"*, *, *",*,*/*/*,$7638.46
"*, *, *",*,*/*/*,$1006.79
"*, *, *",*,*/*/*,$2735.48
"*, *, *",*,*/*/*,$5896.63
"*, *, *",*,*/*/*,$3358.51
"*, *, *",*,*/*/*,$1320.94
"*, *, *",*,*/*/*,$5825.82
"*, *, France",*,*/*/*,$6691.81
"*, *, France",*,*/*/*,$1768.62
"*, *, France",*,*/*/*,$6728.72
"*, *, France",*,*/*/*,$6946.23
"*, *, France",*,*/*/*,$3772.66
"*, *, France",*,*/*/*,$7125.73
"*, *, France",*,*/*/*,$6939.54
"*, *, France",*,*/*/*,$3945.26
"*, *, *",Female,*/*/*,$5919.34
"*, *, *",Female,*/*/*,$6639.31
"*, *, *",Female,*/*/*,$7622.47
"*, *, *",Female,*/*/*,$7760.46
"*, *, *",Female,*/*/*,$6651.08
"*, *, *",Female,*/*/*,$1367.51
"*, *, *",Female,*/*/*,$4550.42
"*, *, *",Female,*/*/*,$7816.46
"*, *, France",Female,*/*/*,$2471.10
"*, *, France",Female,*/*/*,$1242.05
"*, *, France",Female,*/*/*,$4518.41
"*, *, France",Female,*/*/*,$4725.00
"*, *, France",Female,*/*/*,$2902.49
"*, *, France",Female,*/*/*,$6424.69
"*, *, France",Female,*/*/*,$7881.42
"*, *, France",Female,*/*/*,$7382.35
"*, *, Portugal",*,*/*/*,$3783.40
"*, *, Portugal",*,*/*/*,$4919.65
"*, *, Portugal",*,*/*/*,$6549.93
"*, *, Portugal",*,*/*/*,$7454.96
"*, *, Portugal",*,*/*/*,$7313.37
"*, *, Portugal",*,*/*/*,$7552.80
"*, *, Portugal",*,*/*/*,$3567.38
"*, *, Portugal",*,*/*/*,$3878.76
"*, *, Mexico",*,*/*/*,$4856.16
"*, *, Mexico",*,*/*/*,$4663.81
"*, *, Mexico",*,*/*/*,$3408.00
"*, *, Mexico",*,*/*/*,$7844.90
"*, *, Mexico",*,*/*/*,$2071.57
"*, *, Mexico",*,*/*/*,$3989.06
"*, *, Mexico",*,*/*/*,$4531.43
"*, *, Mexico",*,*/*/*,$7303.77
"*, *, France",Female,*/*/*,$5352.76
"*, *, France",Female,*/*/*,$2561.84
"*, *, France",Female,*/*/*,$4544.05
"*, *, France",Female,*/*/*,$6325.50
"*, *, France",Female,*/*/*,$5503.12
"*, *, France",Female,*/*/*,$5316.35
"*, *, France",Female,*/*/*,$1246.34
"*, *, France",Female,*/*/*,$3374.55
"*, *, *",Female,*/*/*,$7589.64
"*, *, *",Female,*/*/*,$3201.71
"*, *, *",Female,*/*/*,$6243.42
"*, *, *",Female,*/*/*,$1569.15
"*, *, *",Female,*/*/*,$1899.31
"*, *, *",Female,*/*/*,$5892.17
"*, *, *",Female,*/*/*,$1165.10
"*, *, *",Female,*/*/*,$5750.62
"*, *, Portugal",Female,*/*/*,$6376.96
"*, *, Portugal",Female,*/*/*,$1610.27
"*, *, Portugal",Female,*/*/*,$5823.77
"*, *, Portugal",Female,*/*/*,$3082.24
"*, *, Portugal",Female,*/*/*,$6169.95
"*, *, Portugal",Female,*/*/*,$2880.77
"*, *, Portugal",Female,*/*/*,$7482.17
"*, *, Portugal",Female,*/*/*,$2270.42
"*, *, *",*,*/*/*,$3770.58
"*, *, *",*,*/*/*,$4468.57
"*, *, *",*,*/*/*,$959.80
"*, *, *",*,*/*/*,$5368.06
"*, *, *",*,*/*/*,$3635.14
"*, *, *",*,*/*/*,$1824.90
"*, *, *",*,*/*/*,$3372.24
"*, *, *",*,*/*/*,$7689.77
"*, *, Mexico",*,*/*/*,$3209.90
"*, *, Mexico",*,*/*/*,$4477.79
"*, *, Mexico",*,*/*/*,$1188.11
"*, *, Mexico",*,*/*/*,$1390.00
"*, *, Mexico",*,*/*/*,$1126.55
"*, *, Mexico",*,*/*/*,$7814.46
"*, *, Mexico",*,*/*/*,$2435.84
"*, *, Mexico",*,*/*/*,$2587.42
"*, *, Portugal",*,*/*/*,$6267.86
"*, *, Portugal",*,*/*/*,$1657.74
"*, *, Portugal",*,*/*/*,$3090.80
"*, *, Portugal",*,*/*/*,$1653.56
"*, *, Portugal",*,*/*/*,$3574.50
"*, *, Portugal",*,*/*/*,$2261.44
"*, *, Portugal",*,*/*/*,$3868.21
"*, *, Portugal",*,*/*/*,$7794.99
"*, *, *",*,*/*/*,$1647.59
"*, *, *",*,*/*/*,$7760.58
"*, *, *",*,*/*/*,$5677.74
"*, *, *",*,*/*/*,$6428.54
"*, *, *",*,*/*/*,$3572.00
"*, *, *",*,*/*/*,$6834.47
"*, *, *",*,*/*/*,$5891.93
"*, *, *",*,*/*/*,$3585.21
"*, *, Portugal",Male,*/*/*,$3122.25
"*, *, Portugal",Male,*/*/*,$6063.49
"*, *, Portugal",Male,*/*/*,$7491.62
"*, *, Portugal",Male,*/*/*,$7660.68
"*, *, Portugal",Male,*/*/*,$2381.31
"*, *, Portugal",Male,*/*/*,$2106.68
"*, *, Portugal",Male,*/*/*,$1374.14
"*, *, Portugal",Male,*/*/*,$3078.97
"*, *, Portugal",*,*/*/*,$4371.91
"*, *, Portugal",*,*/*/*,$5189.45
"*, *, Portugal",*,*/*/*,$7147.42
"*, *, Portugal",*,*/*/*,$7198.71
"*, *, Portugal",*,*/*/*,$7982.36
"*, *, Portugal",*,*/*/*,$2137.01
"*, *, Portugal",*,*/*/*,$7319.09
"*, *, Portugal",*,*/*/*,$7753.83
"*, *, United States",Female,*/*/*,$5447.94
"*, *, United States",Female,*/*/*,$2622.47
"*, *, United States",Female,*/*/*,$7942.98
"*, *, United States",Female,*/*/*,$1509.69
"*, *, United States",Female,*/*/*,$4924.11
"*, *, United States",Female,*/*/*,$1288.62
"*, *, United States",Female,*/*/*,$1715.64
"*, *, United States",Female,*/*/*,$3334.96
"*, *, Sweden",Male,*/*/*,$4176.07
"*, *, Sweden",Male,*/*/*,$2282.26
"*, *, Sweden",Male,*/*/*,$1823.14
"*, *, Sweden",Male,*/*/*,$6327.46
"*, *, Sweden",Male,*/*/*,$4930.16
"*, *, Sweden",Male,*/*/*,$7937.78
"*, *, Sweden",Male,*/*/*,$7468.47
"*, *, Sweden",Male,*/*/*,$4107.46
"*, Porto, Portugal",Female,*/*/*,$6154.03
"*, Porto, Portugal",Female,*/*/*,$7233.37
"*, Porto, Portugal",Female,*/*/*,$4764.60
"*, Porto, Portugal",Female,*/*/*,$7130.79
"*, Porto, Portugal",Female,*/*/*,$5866.61
"*, Porto, Portugal",Female,*/*/*,$7548.51
"*, Porto, Portugal",Female,*/*/*,$7276.96
"*, Porto, Portugal",Female,*/*/*,$6184.82
"*, *, *",Female,*/*/*,$3591.60
"*, *, *",Female,*/*/*,$2407.39
"*, *, *",Female,*/*/*,$5471.10
"*, *, *",Female,*/*/*,$5196.14
"*, *, *",Female,*/*/*,$1668.43
"*, *, *",Female,*/*/*,$4942.31
"*, *, *",Female,*/*/*,$6827.27
"*, *, *",Female,*/*/*,$1112.80
"*, *, Sweden",Male,*/*/*,$5977.38
"*, *, Sweden",Male,*/*/*,$6578.25
"*, *, Sweden",Male,*/*/*,$5039.13
"*, *, Sweden",Male,*/*/*,$7885.38
"*, *, Sweden",Male,*/*/*,$1755.24
"*, *, Sweden",Male,*/*/*,$1846.26
"*, *, Sweden",Male,*/*/*,$2468.51
"*, *, Sweden",Male,*/*/*,$6261.32
"*, *, *",Male,*/*/*,$2655.12
"*, *, *",Male,*/*/*,$5620.85
"*, *, *",Male,*/*/*,$3812.30
"*, *, *",Male,*/*/*,$7537.16
"*, *, *",Male,*/*/*,$5521.83
"*, *, *",Male,*/*/*,$2942.07
"*, *, *",Male,*/*/*,$3030.74
"*, *, *",Male,*/*/*,$2280.82
"*, *, *",Female,*/*/*,$1598.58
"*, *, *",Female,*/*/*,$4783.94
"*, *, *",Female,*/*/*,$1160.22
"*, *, *",Female,*/*/*,$7634.03
"*, *, *",Female,*/*/*,$4953.85
"*, *, *",Female,*/*/*,$5796.92
"*, *, *",Female,*/*/*,$3478.88
"*, *, *",Female,*/*/*,$3445.67
"*, *, *",*,*/*/*,$4979.70
"*, *, *",*,*/*/*,$3621.99
"*, *, *",*,*/*/*,$2065.92
"*, *, *",*,*/*/*,$2460.19
"*, *, *",*,*/*/*,$805.10
"*, *, *",*,*/*/*,$6488.85
"*, *, *",*,*/*/*,$4575.88
"*, *, *",*,*/*/*,$7248.09
"*, *, *",*,*/*/*,$1265.76
"*, *, *",*,*/*/*,$4510.14
"*, *, *",*,*/*/*,$2874.62
"*, *, *",*,*/*/*,$3752.70
"*, *, *",*,*/*/*,$5004.78
"*, *, *",*,*/*/*,$5362.26
"*, *, *",*,*/*/*,$6285.72
"*, *, *",*,*/*/*,$7213.98
"*, *, Mexico",*,*/*/*,$7517.14
"*, *, Mexico",*,*/*/*,$5229.44
"*, *, Mexico",*,*/*/*,$2837.82
"*, *, Mexico",*,*/*/*,$7646.16
"*, *, Mexico",*,*/*/*,$5563.62
"*, *, Mexico",*,*/*/*,$7049.85
"*, *, Mexico",*,*/*/*,$3667.75
"*, *, Mexico",*,*/*/*,$3556.11
"*, *, *",Female,*/*/*,$2306.32
"*, *, *",Female,*/*/*,$2463.52
"*, *, *",Female,*/*/*,$7201.06
"*, *, *",Female,*/*/*,$1958.82
"*, *, *",Female,*/*/*,$5772.96
"*, *, *",Female,*/*/*,$4796.47
"*, *, *",Female,*/*/*,$1336.07
"*, *, *",Female,*/*/*,$6075.15
"*, *, *",Male,*/*/*,$2617.72
"*, *, *",Male,*/*/*,$1405.83
"*, *, *",Male,*/*/*,$1876.11
"*, *, *",Male,*/*/*,$7749.41
"*, *, *",Male,*/*/*,$6187.48
"*, *, *",Male,*/*/*,$6662.13
"*, *, *",Male,*/*/*,$4357.15
"*, *, *",Male,*/*/*,$3618.49
"*, *, France",Female,*/*/*,$3108.98
"*, *, France",Female,*/*/*,$5511.34
"*, *, France",Female,*/*/*,$7474.04
"*, *, France",Female,*/*/*,$4680.61
"*, *, France",Female,*/*/*,$5198.50
"*, *, France",Female,*/*/*,$6294.64
"*, *, France",Female,*/*/*,$3055.75
"*, *, France",Female,*/*/*,$6749.04
"*, *, Portugal",Female,*/*/*,$877.91
"*, *, Portugal",Female,*/*/*,$2335.56
"*, *, Portugal",Female,*/*/*,$2533.07
"*, *, Portugal",Female,*/*/*,$6030.61
"*, *, Portugal",Female,*/*/*,$6296.35
"*, *, Portugal",Female,*/*/*,$6289.95
"*, *, Portugal",Female,*/*/*,$2060.75
"*, *, Portugal",Female,*/*/*,$4776.95
"*, *, *",Female,*/*/*,$6563.49
"*, *, *",Female,*/*/*,$3951.59
"*, *, *",Female,*/*/*,$2029.76
"*, *, *",Female,*/*/*,$4733.60
"*, *, *",Female,*/*/*,$4348.19
"*, *, *",Female,*/*/*,$4718.05
"*, *, *",Female,*/*/*,$3011.36
"*, *, *",Female,*/*/*,$1160.10
"*, *, *",Female,*/*/*,$3737.37
"*, *, *",Female,*/*/*,$7184.92
"*, *, *",Female,*/*/*,$5966.72
"*, *, *",Female,*/*/*,$7947.82
"*, *, *",Female,*/*/*,$1095.44
"*, *, *",Female,*/*/*,$7741.81
"*, *, *",Female,*/*/*,$6825.59
"*, *, *",Female,*/*/*,$2667.16
"*, *, Portugal",Female,*/*/*,$3229.72
"*, *, Portugal",Female,*/*/*,$7453.73
"*, *, Portugal",Female,*/*/*,$7091.02
"*, *, Portugal",Female,*/*/*,$2981.49
"*, *, Portugal",Female,*/*/*,$1575.77
"*, *, Portugal",Female,*/*/*,$3483.46
"*, *, Portugal",Female,*/*/*,$3303.24
"*, *, Portugal",Female,*/*/*,$3721.36
"*, *, *",Female,*/*/*,$1887.39
"*, *, *",Female,*/*/*,$7166.43
"*, *, *",Female,*/*/*,$3561.11
"*, *, *",Female,*/*/*,$2100.45
"*, *, *",Female,*/*/*,$5847.43
"*, *, *",Female,*/*/*,$6230.34
"*, *, *",Female,*/*/*,$2098.58
"*, *, *",Female,*/*/*,$3031.23
"*, *, *",Female,*/*/*,$6285.14
"*, *, *",Female,*/*/*,$2306.02
"*, *, *",Female,*/*/*,$4441.41
"*, *, *",Female,*/*/*,$1641.08
"*, *, *",Female,*/*/*,$7311.26
"*, *, *",Female,*/*/*,$3720.58
"*, *, *",Female,*/*/*,$3873.74
"*, *, *",Female,*/*/*,$6185.72
"*, *, *",Female,*/*/*,$7606.13
"*, *, *",Female,*/*/*,$5843.31
"*, *, *",Female,*/*/*,$1366.21
"*, *, *",Female,*/*/*,$5447.93
"*, *, *",Female,*/*/*,$7068.52
"*, *, *",Female,*/*/*,$1999.59
"*, *, *",Female,*/*/*,$3420.93
"*, *, *",Female,*/*/*,$5814.99
"*, *, *",Male,*/*/*,$4285.93
"*, *, *",Male,*/*/*,$4066.86
"*, *, *",Male,*/*/*,$7314.87
"*, *, *",Male,*/*/*,$3911.57
"*, *, *",Male,*/*/*,$4901.14
"*, *, *",Male,*/*/*,$1966.51
"*, *, *",Male,*/*/*,$6056.46
"*, *, *",Male,*/*/*,$7421.85
"*, *, *",Female,*/*/*,$1483.52
"*, *, *",Female,*/*/*,$2723.11
"*, *, *",Female,*/*/*,$3814.74
"*, *, *",Female,*/*/*,$1780.40
"*, *, *",Female,*/*/*,$7048.51
"*, *, *",Female,*/*/*,$7782.63
"*, *, *",Female,*/*/*,$5830.80
"*, *, *",Female,*/*/*,$1624.94
"*, *, *",Female,*/*/*,$3849.89
"*, *, *",Female,*/*/*,$4630.99
"*, *, *",Female,*/*/*,$2671.01
"*, *, *",Female,*/*/*,$1032.68
"*, *, *",Female,*/*/*,$5701.55
"*, *, *",Female,*/*/*,$2587.45
"*, *, *",Female,*/*/*,$7039.05
"*, *, *",Female,*/*/*,$1939.10
"*, *, *",Male,*/*/*,$3775.21
"*, *, *",Male,*/*/*,$5443.77
"*, *, *",Male,*/*/*,$7242.59
"*, *, *",Male,*/*/*,$5746.59
"*, *, *",Male,*/*/*,$4323.07
"*, *, *",Male,*/*/*,$6298.92
"*, *, *",Male,*/*/*,$2566.78
"*, *, *",Male,*/*/*,$7070.82
"*, *, *",*,*/*/*,$1919.83
"*, *, *",*,*/*/*,$1798.82
"*, *, *",*,*/*/*,$5368.89
"*, *, *",*,*/*/*,$2320.29
"*, *, *",*,*/*/*,$6105.52
"*, *, *",*,*/*/*,$4630.14
"*, *, *",*,*/*/*,$4772.43
"*, *, *",*,*/*/*,$4468.82
